"#iterations","runtime(s)","min_dt","max_dt","W_MHD3D","min_dW","max_dW","sum_dW","normF_X1","normF_X2","normF_LA","X1_axis_0","X2_axis_0","X1_axis_1","X2_axis_1" 
  0.000000000000000E+00,  0.000000000000000E+00,  0.900000000000000E+00,  0.900000000000000E+00,  0.889774208598089E+03,  0.000000000000000E+00,  0.000000000000000E+00,  0.000000000000000E+00,  0.180802863701356E-02,  0.181127856339229E-02,  0.881069381382804E-05,  0.100000000000000E+02,  0.000000000000000E+00,  0.100000000000000E+02,  0.000000000000000E+00
  0.100000000000000E+01,  0.600000000000000E-01,  0.900000000000000E+00,  0.900000000000000E+00,  0.889774208598089E+03, -0.222131802388503E-03, -0.222131802388503E-03, -0.222131802388503E-03,  0.180802863701356E-02,  0.181127856339229E-02,  0.881069381382804E-05,  0.100000000000000E+02,  0.000000000000000E+00,  0.100000000000000E+02,  0.000000000000000E+00
  0.200000000000000E+01,  0.380000000000000E+00,  0.810000000000000E+00,  0.810000000000000E+00,  0.889773986466287E+03, -0.744240338690361E-04, -0.744240338690361E-04, -0.744240338690361E-04,  0.935475821720983E-03,  0.922411941147991E-03,  0.182911984703371E-03,  0.999999639608143E+01,  0.000000000000000E+00,  0.999999639608143E+01,  0.000000000000000E+00
  0.400000000000000E+01,  0.102000000000000E+01,  0.656100000000000E+00,  0.656100000000000E+00,  0.889773906606212E+03, -0.730806050341926E-06, -0.730806050341926E-06, -0.730806050341926E-06,  0.643628880087555E-04,  0.454708069100910E-04,  0.152233656576914E-03,  0.100000194767275E+02,  0.000000000000000E+00,  0.100000194767275E+02,  0.000000000000000E+00
  0.800000000000000E+01,  0.155000000000000E+01,  0.656100000000000E+00,  0.656100000000000E+00,  0.889773903192841E+03, -0.125066208056523E-05, -0.309809365717229E-06, -0.466403389509651E-05,  0.558055787227061E-04,  0.311809936731404E-04,  0.120881359506059E-03,  0.100000639182612E+02,  0.000000000000000E+00,  0.100000639182612E+02,  0.000000000000000E+00
  0.160000000000000E+02,  0.234000000000000E+01,  0.656100000000000E+00,  0.656100000000000E+00,  0.889773888730671E+03, -0.216410194298078E-05, -0.309809365717229E-06, -0.200382197590443E-04,  0.863915705334671E-04,  0.573695645144322E-05,  0.231801184165361E-03,  0.100002737941652E+02,  0.000000000000000E+00,  0.100002737941652E+02,  0.000000000000000E+00
  0.320000000000000E+02,  0.399000000000000E+01,  0.656100000000000E+00,  0.656100000000000E+00,  0.889773851347368E+03, -0.240876829593617E-05, -0.309809365717229E-06, -0.575989502067387E-04,  0.697890165016933E-04,  0.856274767939147E-05,  0.178331227970955E-03,  0.100008617485666E+02,  0.000000000000000E+00,  0.100008617485666E+02,  0.000000000000000E+00
  0.640000000000000E+02,  0.000000000000000E+00,  0.656100000000000E+00,  0.656100000000000E+00,  0.889773774243187E+03, -0.277873652976268E-05, -0.309809365717229E-06, -0.135141762029889E-03,  0.542344753960484E-04,  0.103624430477815E-04,  0.124312618455935E-03,  0.100022683689652E+02,  0.000000000000000E+00,  0.100022683689652E+02,  0.000000000000000E+00
  0.100000000000000E+03,  0.213000000000000E+01,  0.656100000000000E+00,  0.656100000000000E+00,  0.889773674440779E+03, -0.292860022454988E-05, -0.309809365717229E-06, -0.234440065923991E-03,  0.360141847007617E-04,  0.673983176921369E-05,  0.726123123004737E-04,  0.100048430253064E+02,  0.000000000000000E+00,  0.100048430253064E+02,  0.000000000000000E+00
  0.200000000000000E+03,  0.373000000000000E+01,  0.656100000000000E+00,  0.656100000000000E+00,  0.889773605199386E+03, -0.222790890802571E-05, -0.906700279301731E-07, -0.670574302148452E-04,  0.601292639627211E-05,  0.107745852650298E-05,  0.951406343105577E-05,  0.100097465995995E+02,  0.000000000000000E+00,  0.100097465995995E+02,  0.000000000000000E+00
  0.300000000000000E+03,  0.521000000000000E+01,  0.656100000000000E+00,  0.656100000000000E+00,  0.889773601831733E+03, -0.884394921740750E-07, -0.826912582851946E-08, -0.328525266013457E-05,  0.693500232430017E-06,  0.237163466356307E-06,  0.337911796674540E-05,  0.100115218710551E+02,  0.000000000000000E+00,  0.100115218710551E+02,  0.000000000000000E+00
  0.400000000000000E+03,  0.330000000000000E+00,  0.656100000000000E+00,  0.656100000000000E+00,  0.889773601450977E+03, -0.811701283964794E-08, -0.131649358081631E-08, -0.373803459297051E-06,  0.312193788095457E-06,  0.828754178832178E-07,  0.155746657865091E-05,  0.100121012308598E+02,  0.000000000000000E+00,  0.100121012308598E+02,  0.000000000000000E+00
  0.500000000000000E+03,  0.226000000000000E+01,  0.656100000000000E+00,  0.656100000000000E+00,  0.889773601380614E+03, -0.129602995002642E-08, -0.309796632791404E-09, -0.693555648467736E-07,  0.793440771429284E-07,  0.374890671441047E-07,  0.901107779300577E-06,  0.100124225555120E+02,  0.000000000000000E+00,  0.100124225555120E+02,  0.000000000000000E+00
  0.600000000000000E+03,  0.656000000000000E+01,  0.656100000000000E+00,  0.656100000000000E+00,  0.889773601361899E+03, -0.305931280308869E-09, -0.962927515502088E-10, -0.185016233444912E-07,  0.368151850287581E-07,  0.194651891849252E-07,  0.591940920086690E-06,  0.100125801156320E+02,  0.000000000000000E+00,  0.100125801156320E+02,  0.000000000000000E+00
  0.700000000000000E+03,  0.799000000000000E+01,  0.656100000000000E+00,  0.656100000000000E+00,  0.889773601355593E+03, -0.956106305238791E-10, -0.363797880709171E-10, -0.624663698545191E-08,  0.188283002272952E-07,  0.116269324491086E-07,  0.431282998815806E-06,  0.100126752106737E+02,  0.000000000000000E+00,  0.100126752106737E+02,  0.000000000000000E+00
  0.800000000000000E+03,  0.974000000000000E+01,  0.656100000000000E+00,  0.656100000000000E+00,  0.889773601353110E+03, -0.366071617463604E-10, -0.158024704433046E-10, -0.246166109718615E-08,  0.135401661526440E-07,  0.817255564812127E-08,  0.344196972695155E-06,  0.100127391115204E+02,  0.000000000000000E+00,  0.100127391115204E+02,  0.000000000000000E+00
  0.900000000000000E+03,  0.112100000000000E+02,  0.656100000000000E+00,  0.656100000000000E+00,  0.889773601352102E+03, -0.161435309564695E-10, -0.613908923696727E-11, -0.999079929897562E-09,  0.110230928951378E-07,  0.678539403418178E-08,  0.301209768763417E-06,  0.100127836108629E+02,  0.000000000000000E+00,  0.100127836108629E+02,  0.000000000000000E+00
  0.100000000000000E+04,  0.130500000000000E+02,  0.656100000000000E+00,  0.656100000000000E+00,  0.889773601351860E+03, -0.648014975013211E-11,  0.000000000000000E+00, -0.235218067246024E-09,  0.130758096325793E-07,  0.676569547018553E-08,  0.292426502099134E-06,  0.100128218681911E+02,  0.000000000000000E+00,  0.100128218681911E+02,  0.000000000000000E+00
  0.110000000000000E+04,  0.152900000000000E+02,  0.656100000000000E+00,  0.656100000000000E+00,  0.889773601351885E+03, -0.181898940354586E-11,  0.159161572810262E-11,  0.237605490838178E-10,  0.114071367777702E-07,  0.715581065610246E-08,  0.292107040182335E-06,  0.100128514336879E+02,  0.000000000000000E+00,  0.100128514336879E+02,  0.000000000000000E+00
  0.120000000000000E+04,  0.169100000000000E+02,  0.656100000000000E+00,  0.656100000000000E+00,  0.889773601351782E+03, -0.193267624126747E-11,  0.000000000000000E+00, -0.103000274975784E-09,  0.132536576559552E-07,  0.720865993098949E-08,  0.286585336462213E-06,  0.100128772565482E+02,  0.000000000000000E+00,  0.100128772565482E+02,  0.000000000000000E+00
  0.130000000000000E+04,  0.191900000000000E+02,  0.656100000000000E+00,  0.656100000000000E+00,  0.889773601351576E+03, -0.352429196937010E-11, -0.113686837721616E-11, -0.208274286706001E-09,  0.919781948331336E-08,  0.672296031516825E-08,  0.276237289131865E-06,  0.100128932209396E+02,  0.000000000000000E+00,  0.100128932209396E+02,  0.000000000000000E+00
  0.140000000000000E+04,  0.131700000000000E+02,  0.656100000000000E+00,  0.656100000000000E+00,  0.889773601351100E+03, -0.557065504835919E-11, -0.352429196937010E-11, -0.477143657917622E-09,  0.799403056408079E-08,  0.559245435481371E-08,  0.246103035993098E-06,  0.100129023952428E+02,  0.000000000000000E+00,  0.100129023952428E+02,  0.000000000000000E+00
  0.150000000000000E+04,  0.168100000000000E+02,  0.656100000000000E+00,  0.656100000000000E+00,  0.889773601350699E+03, -0.500222085975111E-11, -0.272848410531878E-11, -0.399609234591480E-09,  0.626713055366037E-08,  0.460858002776869E-08,  0.221668964907959E-06,  0.100129032432743E+02,  0.000000000000000E+00,  0.100129032432743E+02,  0.000000000000000E+00
  0.160000000000000E+04,  0.196200000000000E+02,  0.656100000000000E+00,  0.656100000000000E+00,  0.889773601350416E+03, -0.363797880709171E-11, -0.193267624126747E-11, -0.282170731225051E-09,  0.555967018803192E-08,  0.382983173776362E-08,  0.202791588137726E-06,  0.100128989609939E+02,  0.000000000000000E+00,  0.100128989609939E+02,  0.000000000000000E+00
  0.170000000000000E+04,  0.215900000000000E+02,  0.656100000000000E+00,  0.656100000000000E+00,  0.889773601350261E+03, -0.250111042987555E-11, -0.568434188608080E-12, -0.153931978275068E-09,  0.464573804400867E-08,  0.312888091302698E-08,  0.194810163847398E-06,  0.100128910219413E+02,  0.000000000000000E+00,  0.100128910219413E+02,  0.000000000000000E+00
  0.180000000000000E+04,  0.236800000000000E+02,  0.656100000000000E+00,  0.656100000000000E+00,  0.889773601350224E+03, -0.909494701772928E-12,  0.341060513164848E-12, -0.359250407200307E-10,  0.434183232161442E-08,  0.274712689626481E-08,  0.196791147785571E-06,  0.100128804969196E+02,  0.000000000000000E+00,  0.100128804969196E+02,  0.000000000000000E+00
  0.190000000000000E+04,  0.255800000000000E+02,  0.656100000000000E+00,  0.656100000000000E+00,  0.889773601350193E+03, -0.113686837721616E-11,  0.454747350886464E-12, -0.319460013997741E-10,  0.358372134698618E-08,  0.262755585820127E-08,  0.196569853645863E-06,  0.100128717665645E+02,  0.000000000000000E+00,  0.100128717665645E+02,  0.000000000000000E+00
  0.200000000000000E+04,  0.270300000000000E+02,  0.656100000000000E+00,  0.656100000000000E+00,  0.889773601350150E+03, -0.113686837721616E-11,  0.113686837721616E-12, -0.418367562815547E-10,  0.434427394708730E-08,  0.273095966936859E-08,  0.196035631687267E-06,  0.100128647183936E+02,  0.000000000000000E+00,  0.100128647183936E+02,  0.000000000000000E+00
  0.210000000000000E+04,  0.205100000000000E+02,  0.656100000000000E+00,  0.656100000000000E+00,  0.889773601350115E+03, -0.102318153949454E-11,  0.341060513164848E-12, -0.361524143954739E-10,  0.456942851804960E-08,  0.304152622341407E-08,  0.196932115664393E-06,  0.100128600619802E+02,  0.000000000000000E+00,  0.100128600619802E+02,  0.000000000000000E+00
  0.220000000000000E+04,  0.221600000000000E+02,  0.656100000000000E+00,  0.656100000000000E+00,  0.889773601350083E+03, -0.909494701772928E-12,  0.454747350886464E-12, -0.316049408866093E-10,  0.495222636824989E-08,  0.325025288118802E-08,  0.199732708227488E-06,  0.100128561181519E+02,  0.000000000000000E+00,  0.100128561181519E+02,  0.000000000000000E+00
  0.230000000000000E+04,  0.236200000000000E+02,  0.656100000000000E+00,  0.656100000000000E+00,  0.889773601350041E+03, -0.102318153949454E-11,  0.227373675443232E-12, -0.422915036324412E-10,  0.432482760878642E-08,  0.339997541577554E-08,  0.201398454165888E-06,  0.100128559220211E+02,  0.000000000000000E+00,  0.100128559220211E+02,  0.000000000000000E+00
  0.240000000000000E+04,  0.254300000000000E+02,  0.656100000000000E+00,  0.656100000000000E+00,  0.889773601350001E+03, -0.909494701772928E-12,  0.227373675443232E-12, -0.399040800402872E-10,  0.446633938870290E-08,  0.332120735957461E-08,  0.204880820470220E-06,  0.100128589350617E+02,  0.000000000000000E+00,  0.100128589350617E+02,  0.000000000000000E+00
  0.250000000000000E+04,  0.271400000000000E+02,  0.656100000000000E+00,  0.656100000000000E+00,  0.889773601349955E+03, -0.102318153949454E-11,  0.113686837721616E-12, -0.459294824395329E-10,  0.336138078534626E-08,  0.319175366372966E-08,  0.206345522920061E-06,  0.100128648077351E+02,  0.000000000000000E+00,  0.100128648077351E+02,  0.000000000000000E+00
  0.260000000000000E+04,  0.286900000000000E+02,  0.656100000000000E+00,  0.656100000000000E+00,  0.889773601349925E+03, -0.795807864051312E-12,  0.227373675443232E-12, -0.291038304567337E-10,  0.404190706377795E-08,  0.301381240333400E-08,  0.211182317498731E-06,  0.100128709285101E+02,  0.000000000000000E+00,  0.100128709285101E+02,  0.000000000000000E+00
  0.270000000000000E+04,  0.308900000000000E+02,  0.656100000000000E+00,  0.656100000000000E+00,  0.889773601349890E+03, -0.909494701772928E-12,  0.113686837721616E-12, -0.361524143954739E-10,  0.362119906369499E-08,  0.271071957579740E-08,  0.214380825475594E-06,  0.100128751791213E+02,  0.000000000000000E+00,  0.100128751791213E+02,  0.000000000000000E+00
  0.280000000000000E+04,  0.333200000000000E+02,  0.656100000000000E+00,  0.656100000000000E+00,  0.889773601349859E+03, -0.795807864051312E-12,  0.341060513164848E-12, -0.298996383207850E-10,  0.327582410917696E-08,  0.278711698202777E-08,  0.218994903124149E-06,  0.100128791957304E+02,  0.000000000000000E+00,  0.100128791957304E+02,  0.000000000000000E+00
  0.290000000000000E+04,  0.350900000000000E+02,  0.656100000000000E+00,  0.656100000000000E+00,  0.889773601349827E+03, -0.909494701772928E-12,  0.227373675443232E-12, -0.329691829392686E-10,  0.310269132114258E-08,  0.278997232206508E-08,  0.224002015457559E-06,  0.100128817194774E+02,  0.000000000000000E+00,  0.100128817194774E+02,  0.000000000000000E+00
  0.300000000000000E+04,  0.368000000000000E+02,  0.656100000000000E+00,  0.656100000000000E+00,  0.889773601349781E+03, -0.795807864051312E-12, -0.113686837721616E-12, -0.453610482509248E-10,  0.387710938816259E-08,  0.254105527420634E-08,  0.225356126065393E-06,  0.100128836185374E+02,  0.000000000000000E+00,  0.100128836185374E+02,  0.000000000000000E+00
  0.310000000000000E+04,  0.388600000000000E+02,  0.656100000000000E+00,  0.656100000000000E+00,  0.889773601349749E+03, -0.909494701772928E-12,  0.227373675443232E-12, -0.316049408866093E-10,  0.278694927388157E-08,  0.252044061713965E-08,  0.231750331140307E-06,  0.100128830363017E+02,  0.000000000000000E+00,  0.100128830363017E+02,  0.000000000000000E+00
  0.320000000000000E+04,  0.401800000000000E+02,  0.656100000000000E+00,  0.656100000000000E+00,  0.889773601349724E+03, -0.795807864051312E-12,  0.682121026329696E-12, -0.251247911364771E-10,  0.282944783384040E-08,  0.261818031396199E-08,  0.239410375099422E-06,  0.100128815842004E+02,  0.000000000000000E+00,  0.100128815842004E+02,  0.000000000000000E+00
  0.330000000000000E+04,  0.325300000000000E+02,  0.656100000000000E+00,  0.656100000000000E+00,  0.889773601349699E+03, -0.795807864051312E-12,  0.227373675443232E-12, -0.246700437855907E-10,  0.285009737261191E-08,  0.262405855103802E-08,  0.246640142086241E-06,  0.100128796366534E+02,  0.000000000000000E+00,  0.100128796366534E+02,  0.000000000000000E+00
  0.340000000000000E+04,  0.338500000000000E+02,  0.656100000000000E+00,  0.656100000000000E+00,  0.889773601349679E+03, -0.909494701772928E-12,  0.341060513164848E-12, -0.205773176276125E-10,  0.288338278297489E-08,  0.267602586277215E-08,  0.255349126597879E-06,  0.100128783891168E+02,  0.000000000000000E+00,  0.100128783891168E+02,  0.000000000000000E+00
  0.350000000000000E+04,  0.350800000000000E+02,  0.656100000000000E+00,  0.656100000000000E+00,  0.889773601349661E+03, -0.682121026329696E-12,  0.341060513164848E-12, -0.178488335222937E-10,  0.287176736681237E-08,  0.273781853741840E-08,  0.263232069537200E-06,  0.100128780252894E+02,  0.000000000000000E+00,  0.100128780252894E+02,  0.000000000000000E+00
  0.360000000000000E+04,  0.365400000000000E+02,  0.656100000000000E+00,  0.656100000000000E+00,  0.889773601349648E+03, -0.795807864051312E-12,  0.454747350886464E-12, -0.128466126625426E-10,  0.306444828877043E-08,  0.294510794107680E-08,  0.271103274154696E-06,  0.100128777374146E+02,  0.000000000000000E+00,  0.100128777374146E+02,  0.000000000000000E+00
  0.370000000000000E+04,  0.379000000000000E+02,  0.656100000000000E+00,  0.656100000000000E+00,  0.889773601349630E+03, -0.909494701772928E-12,  0.568434188608080E-12, -0.187583282240666E-10,  0.379760396813303E-08,  0.339077945480703E-08,  0.279728492461627E-06,  0.100128768263835E+02,  0.000000000000000E+00,  0.100128768263835E+02,  0.000000000000000E+00
  0.380000000000000E+04,  0.392700000000000E+02,  0.656100000000000E+00,  0.656100000000000E+00,  0.889773601349586E+03, -0.113686837721616E-11,  0.227373675443232E-12, -0.435420588473789E-10,  0.403074545852003E-08,  0.364447749555629E-08,  0.279692562597748E-06,  0.100128738524985E+02,  0.000000000000000E+00,  0.100128738524985E+02,  0.000000000000000E+00
  0.390000000000000E+04,  0.407700000000000E+02,  0.656100000000000E+00,  0.656100000000000E+00,  0.889773601349535E+03, -0.113686837721616E-11,  0.113686837721616E-12, -0.520685716765001E-10,  0.339924129978717E-08,  0.319659239968234E-08,  0.233327501579697E-06,  0.100128706424472E+02,  0.000000000000000E+00,  0.100128706424472E+02,  0.000000000000000E+00
  0.400000000000000E+04,  0.420200000000000E+02,  0.656100000000000E+00,  0.656100000000000E+00,  0.889773601349482E+03, -0.113686837721616E-11,  0.113686837721616E-12, -0.522959453519434E-10,  0.266575177998515E-08,  0.240932526125255E-08,  0.138318519427377E-06,  0.100128686930560E+02,  0.000000000000000E+00,  0.100128686930560E+02,  0.000000000000000E+00
  0.410000000000000E+04,  0.440200000000000E+02,  0.656100000000000E+00,  0.656100000000000E+00,  0.889773601349443E+03, -0.909494701772928E-12,  0.341060513164848E-12, -0.384261511499062E-10,  0.251078009824402E-08,  0.204434248000553E-08,  0.108412820948220E-06,  0.100128689599885E+02,  0.000000000000000E+00,  0.100128689599885E+02,  0.000000000000000E+00
  0.420000000000000E+04,  0.462300000000000E+02,  0.656100000000000E+00,  0.656100000000000E+00,  0.889773601349405E+03, -0.102318153949454E-11,  0.113686837721616E-12, -0.383124643121846E-10,  0.180774973207979E-08,  0.162390101982284E-08,  0.902140853393658E-07,  0.100128706449293E+02,  0.000000000000000E+00,  0.100128706449293E+02,  0.000000000000000E+00
  0.430000000000000E+04,  0.475400000000000E+02,  0.656100000000000E+00,  0.656100000000000E+00,  0.889773601349384E+03, -0.909494701772928E-12,  0.227373675443232E-12, -0.205773176276125E-10,  0.774286068441749E-09,  0.647816181737240E-09,  0.432648909796566E-07,  0.100128718041294E+02,  0.000000000000000E+00,  0.100128718041294E+02,  0.000000000000000E+00
  0.440000000000000E+04,  0.489300000000000E+02,  0.656100000000000E+00,  0.656100000000000E+00,  0.889773601349378E+03, -0.682121026329696E-12,  0.568434188608080E-12, -0.613908923696727E-11,  0.727711438049881E-09,  0.751511198654492E-09,  0.475304626680994E-07,  0.100128724187063E+02,  0.000000000000000E+00,  0.100128724187063E+02,  0.000000000000000E+00
  0.450000000000000E+04,  0.502400000000000E+02,  0.656100000000000E+00,  0.656100000000000E+00,  0.889773601349372E+03, -0.568434188608080E-12,  0.454747350886464E-12, -0.602540239924565E-11,  0.442564371162787E-09,  0.324173785884108E-09,  0.250678158361679E-07,  0.100128727646966E+02,  0.000000000000000E+00,  0.100128727646966E+02,  0.000000000000000E+00
  0.460000000000000E+04,  0.515100000000000E+02,  0.656100000000000E+00,  0.656100000000000E+00,  0.889773601349370E+03, -0.682121026329696E-12,  0.568434188608080E-12, -0.181898940354586E-11,  0.341728252829246E-09,  0.278552069677425E-09,  0.185865171800800E-07,  0.100128730167938E+02,  0.000000000000000E+00,  0.100128730167938E+02,  0.000000000000000E+00
  0.470000000000000E+04,  0.529200000000000E+02,  0.656100000000000E+00,  0.656100000000000E+00,  0.889773601349368E+03, -0.682121026329696E-12,  0.454747350886464E-12, -0.204636307898909E-11,  0.280813673571136E-09,  0.205374712770251E-09,  0.133952643854319E-07,  0.100128734013451E+02,  0.000000000000000E+00,  0.100128734013451E+02,  0.000000000000000E+00
  0.480000000000000E+04,  0.542000000000000E+02,  0.656100000000000E+00,  0.656100000000000E+00,  0.889773601349367E+03, -0.682121026329696E-12,  0.568434188608080E-12, -0.136424205265939E-11,  0.181383399823950E-09,  0.167685788062865E-09,  0.126499421653108E-07,  0.100128737876328E+02,  0.000000000000000E+00,  0.100128737876328E+02,  0.000000000000000E+00
  0.490000000000000E+04,  0.556000000000000E+02,  0.656100000000000E+00,  0.656100000000000E+00,  0.889773601349366E+03, -0.568434188608080E-12,  0.682121026329696E-12, -0.909494701772928E-12,  0.137205831957134E-09,  0.121458998057403E-09,  0.102132210376195E-07,  0.100128741478471E+02,  0.000000000000000E+00,  0.100128741478471E+02,  0.000000000000000E+00
  0.500000000000000E+04,  0.579800000000000E+02,  0.656100000000000E+00,  0.656100000000000E+00,  0.889773601349365E+03, -0.454747350886464E-12,  0.454747350886464E-12, -0.682121026329696E-12,  0.964393847924199E-10,  0.819853850094576E-10,  0.585354630001275E-08,  0.100128743363471E+02,  0.000000000000000E+00,  0.100128743363471E+02,  0.000000000000000E+00
  0.510000000000000E+04,  0.602800000000000E+02,  0.656100000000000E+00,  0.656100000000000E+00,  0.889773601349365E+03, -0.454747350886464E-12,  0.568434188608080E-12, -0.113686837721616E-12,  0.844144704746245E-10,  0.526928784242990E-10,  0.487842965374535E-08,  0.100128744649965E+02,  0.000000000000000E+00,  0.100128744649965E+02,  0.000000000000000E+00
  0.520000000000000E+04,  0.527400000000000E+02,  0.656100000000000E+00,  0.656100000000000E+00,  0.889773601349365E+03, -0.568434188608080E-12,  0.795807864051312E-12, -0.113686837721616E-12,  0.680557756493432E-10,  0.534395439771807E-10,  0.474302629429958E-08,  0.100128746359358E+02,  0.000000000000000E+00,  0.100128746359358E+02,  0.000000000000000E+00
  0.530000000000000E+04,  0.541800000000000E+02,  0.656100000000000E+00,  0.656100000000000E+00,  0.889773601349365E+03, -0.454747350886464E-12,  0.568434188608080E-12, -0.227373675443232E-12,  0.616609937670078E-10,  0.424801769039382E-10,  0.462934794719562E-08,  0.100128748125828E+02,  0.000000000000000E+00,  0.100128748125828E+02,  0.000000000000000E+00
  0.540000000000000E+04,  0.556900000000000E+02,  0.656100000000000E+00,  0.656100000000000E+00,  0.889773601349365E+03, -0.568434188608080E-12,  0.568434188608080E-12, -0.341060513164848E-12,  0.543634847437711E-10,  0.419561943288706E-10,  0.442136531434960E-08,  0.100128749769325E+02,  0.000000000000000E+00,  0.100128749769325E+02,  0.000000000000000E+00
  0.550000000000000E+04,  0.570300000000000E+02,  0.656100000000000E+00,  0.656100000000000E+00,  0.889773601349364E+03, -0.795807864051312E-12,  0.795807864051312E-12,  0.113686837721616E-12,  0.494469848965470E-10,  0.386713238060961E-10,  0.463112663107168E-08,  0.100128751145839E+02,  0.000000000000000E+00,  0.100128751145839E+02,  0.000000000000000E+00
  0.560000000000000E+04,  0.586100000000000E+02,  0.656100000000000E+00,  0.656100000000000E+00,  0.889773601349365E+03, -0.795807864051312E-12,  0.454747350886464E-12,  0.227373675443232E-12,  0.549365606038018E-10,  0.325529054732513E-10,  0.414026653843925E-08,  0.100128752245154E+02,  0.000000000000000E+00,  0.100128752245154E+02,  0.000000000000000E+00
  0.570000000000000E+04,  0.598700000000000E+02,  0.656100000000000E+00,  0.656100000000000E+00,  0.889773601349365E+03, -0.682121026329696E-12,  0.568434188608080E-12, -0.227373675443232E-12,  0.480060076501256E-10,  0.278667997066256E-10,  0.379555305226612E-08,  0.100128753082505E+02,  0.000000000000000E+00,  0.100128753082505E+02,  0.000000000000000E+00
  0.580000000000000E+04,  0.614100000000000E+02,  0.656100000000000E+00,  0.656100000000000E+00,  0.889773601349365E+03, -0.682121026329696E-12,  0.795807864051312E-12,  0.000000000000000E+00,  0.466244946287996E-10,  0.289442897745033E-10,  0.351298008628047E-08,  0.100128753731619E+02,  0.000000000000000E+00,  0.100128753731619E+02,  0.000000000000000E+00
  0.590000000000000E+04,  0.629000000000000E+02,  0.656100000000000E+00,  0.656100000000000E+00,  0.889773601349365E+03, -0.568434188608080E-12,  0.568434188608080E-12, -0.227373675443232E-12,  0.428984600954399E-10,  0.274014391400206E-10,  0.298842324048483E-08,  0.100128754133196E+02,  0.000000000000000E+00,  0.100128754133196E+02,  0.000000000000000E+00
  0.600000000000000E+04,  0.646400000000000E+02,  0.656100000000000E+00,  0.656100000000000E+00,  0.889773601349365E+03, -0.454747350886464E-12,  0.568434188608080E-12,  0.227373675443232E-12,  0.303095731164995E-10,  0.219536378657418E-10,  0.235345834737426E-08,  0.100128754324649E+02,  0.000000000000000E+00,  0.100128754324649E+02,  0.000000000000000E+00
  0.610000000000000E+04,  0.668400000000000E+02,  0.656100000000000E+00,  0.656100000000000E+00,  0.889773601349365E+03, -0.568434188608080E-12,  0.682121026329696E-12,  0.113686837721616E-12,  0.277108540758517E-10,  0.161297370692628E-10,  0.184220188466292E-08,  0.100128754494958E+02,  0.000000000000000E+00,  0.100128754494958E+02,  0.000000000000000E+00
  0.620000000000000E+04,  0.686000000000000E+02,  0.656100000000000E+00,  0.656100000000000E+00,  0.889773601349364E+03, -0.568434188608080E-12,  0.568434188608080E-12, -0.113686837721616E-12,  0.270499527323162E-10,  0.148846476478809E-10,  0.155332839686132E-08,  0.100128754720090E+02,  0.000000000000000E+00,  0.100128754720090E+02,  0.000000000000000E+00
  0.630000000000000E+04,  0.701500000000000E+02,  0.656100000000000E+00,  0.656100000000000E+00,  0.889773601349364E+03, -0.568434188608080E-12,  0.568434188608080E-12,  0.000000000000000E+00,  0.219787023346655E-10,  0.138176961417378E-10,  0.114299766458090E-08,  0.100128754964985E+02,  0.000000000000000E+00,  0.100128754964985E+02,  0.000000000000000E+00
  0.640000000000000E+04,  0.714700000000000E+02,  0.656100000000000E+00,  0.656100000000000E+00,  0.889773601349365E+03, -0.568434188608080E-12,  0.568434188608080E-12,  0.000000000000000E+00,  0.197987918047725E-10,  0.107915618930636E-10,  0.946409612505664E-09,  0.100128755222080E+02,  0.000000000000000E+00,  0.100128755222080E+02,  0.000000000000000E+00
  0.650000000000000E+04,  0.730800000000000E+02,  0.656100000000000E+00,  0.656100000000000E+00,  0.889773601349365E+03, -0.454747350886464E-12,  0.568434188608080E-12, -0.227373675443232E-12,  0.193276558470382E-10,  0.848521047153812E-11,  0.803969719134147E-09,  0.100128755535485E+02,  0.000000000000000E+00,  0.100128755535485E+02,  0.000000000000000E+00
  0.660000000000000E+04,  0.744500000000000E+02,  0.656100000000000E+00,  0.656100000000000E+00,  0.889773601349365E+03, -0.454747350886464E-12,  0.568434188608080E-12,  0.227373675443232E-12,  0.165038120251469E-10,  0.767953692158637E-11,  0.709677921144805E-09,  0.100128755900281E+02,  0.000000000000000E+00,  0.100128755900281E+02,  0.000000000000000E+00
  0.670000000000000E+04,  0.760300000000000E+02,  0.656100000000000E+00,  0.656100000000000E+00,  0.889773601349365E+03, -0.568434188608080E-12,  0.454747350886464E-12, -0.227373675443232E-12,  0.135916525175852E-10,  0.571650701197737E-11,  0.662419158922347E-09,  0.100128756256381E+02,  0.000000000000000E+00,  0.100128756256381E+02,  0.000000000000000E+00
  0.680000000000000E+04,  0.774600000000000E+02,  0.656100000000000E+00,  0.656100000000000E+00,  0.889773601349365E+03, -0.568434188608080E-12,  0.568434188608080E-12,  0.000000000000000E+00,  0.109023259984819E-10,  0.431879219069430E-11,  0.638779184228684E-09,  0.100128756522800E+02,  0.000000000000000E+00,  0.100128756522800E+02,  0.000000000000000E+00
  0.690000000000000E+04,  0.790600000000000E+02,  0.656100000000000E+00,  0.656100000000000E+00,  0.889773601349364E+03, -0.568434188608080E-12,  0.454747350886464E-12,  0.000000000000000E+00,  0.911139907271843E-11,  0.352071741985493E-11,  0.627299135522610E-09,  0.100128756713200E+02,  0.000000000000000E+00,  0.100128756713200E+02,  0.000000000000000E+00
  0.700000000000000E+04,  0.714000000000000E+02,  0.656100000000000E+00,  0.656100000000000E+00,  0.889773601349365E+03, -0.568434188608080E-12,  0.568434188608080E-12,  0.000000000000000E+00,  0.733850169696275E-11,  0.292225740837091E-11,  0.609110753059759E-09,  0.100128756869244E+02,  0.000000000000000E+00,  0.100128756869244E+02,  0.000000000000000E+00
  0.710000000000000E+04,  0.735700000000000E+02,  0.656100000000000E+00,  0.656100000000000E+00,  0.889773601349365E+03, -0.795807864051312E-12,  0.682121026329696E-12,  0.227373675443232E-12,  0.589981363365395E-11,  0.258722119438361E-11,  0.591997998761596E-09,  0.100128756982827E+02,  0.000000000000000E+00,  0.100128756982827E+02,  0.000000000000000E+00
  0.720000000000000E+04,  0.748800000000000E+02,  0.656100000000000E+00,  0.656100000000000E+00,  0.889773601349364E+03, -0.682121026329696E-12,  0.682121026329696E-12, -0.113686837721616E-12,  0.573425574696620E-11,  0.223915199260702E-11,  0.576130931134810E-09,  0.100128757038065E+02,  0.000000000000000E+00,  0.100128757038065E+02,  0.000000000000000E+00
  0.730000000000000E+04,  0.763000000000000E+02,  0.656100000000000E+00,  0.656100000000000E+00,  0.889773601349365E+03, -0.454747350886464E-12,  0.682121026329696E-12, -0.227373675443232E-12,  0.738072245679099E-11,  0.194703676328468E-11,  0.555964133643315E-09,  0.100128757009668E+02,  0.000000000000000E+00,  0.100128757009668E+02,  0.000000000000000E+00
  0.740000000000000E+04,  0.778200000000000E+02,  0.656100000000000E+00,  0.656100000000000E+00,  0.889773601349364E+03, -0.795807864051312E-12,  0.682121026329696E-12, -0.227373675443232E-12,  0.863233682690373E-11,  0.191598403150874E-11,  0.539229995188623E-09,  0.100128756875524E+02,  0.000000000000000E+00,  0.100128756875524E+02,  0.000000000000000E+00
  0.750000000000000E+04,  0.791800000000000E+02,  0.656100000000000E+00,  0.656100000000000E+00,  0.889773601349364E+03, -0.568434188608080E-12,  0.568434188608080E-12,  0.341060513164848E-12,  0.879576635817799E-11,  0.166214264801641E-11,  0.522957054458605E-09,  0.100128756638810E+02,  0.000000000000000E+00,  0.100128756638810E+02,  0.000000000000000E+00
  0.760000000000000E+04,  0.807100000000000E+02,  0.656100000000000E+00,  0.656100000000000E+00,  0.889773601349364E+03, -0.454747350886464E-12,  0.454747350886464E-12,  0.113686837721616E-12,  0.762705400391008E-11,  0.151842374816516E-11,  0.513639542708371E-09,  0.100128756357328E+02,  0.000000000000000E+00,  0.100128756357328E+02,  0.000000000000000E+00
  0.770000000000000E+04,  0.822100000000000E+02,  0.656100000000000E+00,  0.656100000000000E+00,  0.889773601349364E+03, -0.568434188608080E-12,  0.682121026329696E-12,  0.113686837721616E-12,  0.672256857391346E-11,  0.143151197812465E-11,  0.501949114976405E-09,  0.100128756097263E+02,  0.000000000000000E+00,  0.100128756097263E+02,  0.000000000000000E+00
  0.780000000000000E+04,  0.835600000000000E+02,  0.656100000000000E+00,  0.656100000000000E+00,  0.889773601349364E+03, -0.682121026329696E-12,  0.682121026329696E-12, -0.113686837721616E-12,  0.612332565376902E-11,  0.136304078735307E-11,  0.495858355690608E-09,  0.100128755841317E+02,  0.000000000000000E+00,  0.100128755841317E+02,  0.000000000000000E+00
  0.790000000000000E+04,  0.849500000000000E+02,  0.656100000000000E+00,  0.656100000000000E+00,  0.889773601349364E+03, -0.568434188608080E-12,  0.454747350886464E-12, -0.113686837721616E-12,  0.592311215878791E-11,  0.130400333340338E-11,  0.493755173656751E-09,  0.100128755583016E+02,  0.000000000000000E+00,  0.100128755583016E+02,  0.000000000000000E+00
  0.800000000000000E+04,  0.861800000000000E+02,  0.656100000000000E+00,  0.656100000000000E+00,  0.889773601349364E+03, -0.568434188608080E-12,  0.454747350886464E-12,  0.113686837721616E-12,  0.567904663969106E-11,  0.125037202724791E-11,  0.488697955261240E-09,  0.100128755308057E+02,  0.000000000000000E+00,  0.100128755308057E+02,  0.000000000000000E+00
  0.810000000000000E+04,  0.885200000000000E+02,  0.656100000000000E+00,  0.656100000000000E+00,  0.889773601349364E+03, -0.568434188608080E-12,  0.568434188608080E-12, -0.227373675443232E-12,  0.490875454695899E-11,  0.118311630876981E-11,  0.482564965339896E-09,  0.100128755005609E+02,  0.000000000000000E+00,  0.100128755005609E+02,  0.000000000000000E+00
  0.820000000000000E+04,  0.899200000000000E+02,  0.656100000000000E+00,  0.656100000000000E+00,  0.889773601349365E+03, -0.454747350886464E-12,  0.682121026329696E-12,  0.113686837721616E-12,  0.435944086412743E-11,  0.112299780094093E-11,  0.478825405396168E-09,  0.100128754706759E+02,  0.000000000000000E+00,  0.100128754706759E+02,  0.000000000000000E+00
  0.830000000000000E+04,  0.911400000000000E+02,  0.656100000000000E+00,  0.656100000000000E+00,  0.889773601349364E+03, -0.568434188608080E-12,  0.454747350886464E-12,  0.227373675443232E-12,  0.396451339181999E-11,  0.108676673478940E-11,  0.472987879898607E-09,  0.100128754445651E+02,  0.000000000000000E+00,  0.100128754445651E+02,  0.000000000000000E+00
  0.840000000000000E+04,  0.925200000000000E+02,  0.656100000000000E+00,  0.656100000000000E+00,  0.889773601349364E+03, -0.682121026329696E-12,  0.682121026329696E-12,  0.000000000000000E+00,  0.374508817757698E-11,  0.103490720977690E-11,  0.470508319827569E-09,  0.100128754226883E+02,  0.000000000000000E+00,  0.100128754226883E+02,  0.000000000000000E+00
  0.850000000000000E+04,  0.937800000000000E+02,  0.656100000000000E+00,  0.656100000000000E+00,  0.889773601349365E+03, -0.568434188608080E-12,  0.568434188608080E-12,  0.113686837721616E-12,  0.337176864780464E-11,  0.100622934804399E-11,  0.467703762510948E-09,  0.100128754026727E+02,  0.000000000000000E+00,  0.100128754026727E+02,  0.000000000000000E+00
  0.860000000000000E+04,  0.950700000000000E+02,  0.656100000000000E+00,  0.656100000000000E+00,  0.889773601349364E+03, -0.682121026329696E-12,  0.682121026329696E-12, -0.341060513164848E-12,  0.317932445200048E-11,  0.985337993013909E-12,  0.464541400370570E-09,  0.100128753834345E+02,  0.000000000000000E+00,  0.100128753834345E+02,  0.000000000000000E+00
  0.870000000000000E+04,  0.964900000000000E+02,  0.656100000000000E+00,  0.656100000000000E+00,  0.889773601349364E+03, -0.795807864051312E-12,  0.454747350886464E-12, -0.227373675443232E-12,  0.312997576944234E-11,  0.950822468666752E-12,  0.458732550213896E-09,  0.100128753673924E+02,  0.000000000000000E+00,  0.100128753673924E+02,  0.000000000000000E+00
  0.880000000000000E+04,  0.979300000000000E+02,  0.656100000000000E+00,  0.656100000000000E+00,  0.889773601349364E+03, -0.568434188608080E-12,  0.682121026329696E-12,  0.000000000000000E+00,  0.305812143944835E-11,  0.913424472029562E-12,  0.457108804214060E-09,  0.100128753543574E+02,  0.000000000000000E+00,  0.100128753543574E+02,  0.000000000000000E+00
  0.890000000000000E+04,  0.995000000000000E+02,  0.656100000000000E+00,  0.656100000000000E+00,  0.889773601349364E+03, -0.454747350886464E-12,  0.454747350886464E-12,  0.227373675443232E-12,  0.296807701640907E-11,  0.884616109133636E-12,  0.450796127774762E-09,  0.100128753444246E+02,  0.000000000000000E+00,  0.100128753444246E+02,  0.000000000000000E+00
  0.900000000000000E+04,  0.100880000000000E+03,  0.656100000000000E+00,  0.656100000000000E+00,  0.889773601349365E+03, -0.454747350886464E-12,  0.454747350886464E-12,  0.113686837721616E-12,  0.290269359947600E-11,  0.868794738232552E-12,  0.448028963356364E-09,  0.100128753368732E+02,  0.000000000000000E+00,  0.100128753368732E+02,  0.000000000000000E+00
  0.910000000000000E+04,  0.938400000000000E+02,  0.656100000000000E+00,  0.656100000000000E+00,  0.889773601349365E+03, -0.682121026329696E-12,  0.682121026329696E-12, -0.341060513164848E-12,  0.285895817360165E-11,  0.842019692622004E-12,  0.446800865519371E-09,  0.100128753302612E+02,  0.000000000000000E+00,  0.100128753302612E+02,  0.000000000000000E+00
  0.920000000000000E+04,  0.951400000000000E+02,  0.656100000000000E+00,  0.656100000000000E+00,  0.889773601349364E+03, -0.682121026329696E-12,  0.682121026329696E-12,  0.227373675443232E-12,  0.283895876147816E-11,  0.827701906470981E-12,  0.442784886572998E-09,  0.100128753251193E+02,  0.000000000000000E+00,  0.100128753251193E+02,  0.000000000000000E+00
  0.930000000000000E+04,  0.964300000000000E+02,  0.656100000000000E+00,  0.656100000000000E+00,  0.889773601349364E+03, -0.682121026329696E-12,  0.682121026329696E-12,  0.000000000000000E+00,  0.279469568823083E-11,  0.803957369786331E-12,  0.437967597319820E-09,  0.100128753205267E+02,  0.000000000000000E+00,  0.100128753205267E+02,  0.000000000000000E+00
  0.940000000000000E+04,  0.981800000000000E+02,  0.656100000000000E+00,  0.656100000000000E+00,  0.889773601349365E+03, -0.102318153949454E-11,  0.682121026329696E-12,  0.227373675443232E-12,  0.274915534505641E-11,  0.784220507615900E-12,  0.435467630137284E-09,  0.100128753162620E+02,  0.000000000000000E+00,  0.100128753162620E+02,  0.000000000000000E+00
  0.950000000000000E+04,  0.999000000000000E+02,  0.656100000000000E+00,  0.656100000000000E+00,  0.889773601349365E+03, -0.568434188608080E-12,  0.568434188608080E-12, -0.113686837721616E-12,  0.270783531013697E-11,  0.773095912576010E-12,  0.431591347900638E-09,  0.100128753126385E+02,  0.000000000000000E+00,  0.100128753126385E+02,  0.000000000000000E+00
  0.960000000000000E+04,  0.101340000000000E+03,  0.656100000000000E+00,  0.656100000000000E+00,  0.889773601349364E+03, -0.568434188608080E-12,  0.682121026329696E-12,  0.227373675443232E-12,  0.268578846183166E-11,  0.754209854053447E-12,  0.425999766789170E-09,  0.100128753094189E+02,  0.000000000000000E+00,  0.100128753094189E+02,  0.000000000000000E+00
  0.970000000000000E+04,  0.102890000000000E+03,  0.656100000000000E+00,  0.656100000000000E+00,  0.889773601349364E+03, -0.568434188608080E-12,  0.568434188608080E-12, -0.341060513164848E-12,  0.264778871765354E-11,  0.738041855808176E-12,  0.421945162848704E-09,  0.100128753067147E+02,  0.000000000000000E+00,  0.100128753067147E+02,  0.000000000000000E+00
  0.980000000000000E+04,  0.104350000000000E+03,  0.656100000000000E+00,  0.656100000000000E+00,  0.889773601349364E+03, -0.568434188608080E-12,  0.568434188608080E-12,  0.000000000000000E+00,  0.259616166070055E-11,  0.731017458221974E-12,  0.422312433315765E-09,  0.100128753046908E+02,  0.000000000000000E+00,  0.100128753046908E+02,  0.000000000000000E+00
  0.990000000000000E+04,  0.106370000000000E+03,  0.656100000000000E+00,  0.656100000000000E+00,  0.889773601349364E+03, -0.682121026329696E-12,  0.909494701772928E-12, -0.113686837721616E-12,  0.259574949338307E-11,  0.723583854474267E-12,  0.415809348759399E-09,  0.100128753033508E+02,  0.000000000000000E+00,  0.100128753033508E+02,  0.000000000000000E+00
  0.100000000000000E+05,  0.107700000000000E+03,  0.656100000000000E+00,  0.656100000000000E+00,  0.889773601349365E+03, -0.568434188608080E-12,  0.454747350886464E-12,  0.113686837721616E-12,  0.257039545860046E-11,  0.717355671832377E-12,  0.413874584806832E-09,  0.100128753025033E+02,  0.000000000000000E+00,  0.100128753025033E+02,  0.000000000000000E+00
